"y","x1","x2","x3"
15171.0456883138,47.6596510078212,201.130663864347,"B"
14610.381864684,49.0737476459248,192.928545379065,"C"
16352.1837839292,47.2037386027944,199.095000207817,"A"
17002.607530677,53.6131457973615,199.934828357603,"A"
13499.3632168253,49.5849119338914,206.376102332638,"A"
16710.5647231507,55.9059484792854,200.105691980927,"B"
13282.9783116747,47.6913868262037,200.436952126237,"B"
15630.8701387746,46.9565241410367,196.954015253701,"B"
14485.170219928,48.4381554562905,201.365875063575,"A"
14158.856112327,57.2615485342856,203.768320180514,"B"
18586.7659261733,54.7595811795403,200.156183133421,"C"
15497.1817760329,45.5884159557559,203.860943594573,"B"
11929.3171632651,46.691400367601,200.193640914719,"A"
15022.1613489523,48.3141139583254,196.999264187461,"B"
15634.3471924605,49.9098321857973,213.452322746605,"C"
18449.4702793225,49.0945272441358,201.495201094989,"B"
15170.7119643544,52.7752717235653,199.348042872608,"C"
15211.4570428346,49.0354355511308,197.084157593692,"B"
18766.1466472846,59.8544059419521,199.493831499748,"C"
16057.2231441701,48.8704924309811,202.05927232342,"B"
14545.4603485631,57.1185135819871,199.174738668437,"B"
17502.7728034285,50.2304453382541,196.900132818088,"A"
16856.1763265924,45.1489140413599,201.673803404485,"A"
15037.3314047699,50.0769660017015,200.807341064606,"B"
13079.7832564755,46.0978940690653,203.19548941731,"B"
17359.6223777154,57.6184877245703,201.073354412347,"C"
15275.9984593993,50.8797795977759,201.14154420602,"B"
16144.1602392692,51.4008916248205,200.925940498874,"B"
16348.3804525382,49.3335781803287,201.436821158281,"C"
18579.7861676242,53.0998752807917,193.697996418727,"A"
15798.2689540061,47.447162792489,198.338447143711,"B"
18105.7153933735,52.2379153535337,209.419133636858,"C"
16304.7093688953,51.1537670373704,203.842975936487,"B"
15518.874638302,47.5211113842969,199.228585912476,"A"
15215.6425089628,45.4092329272439,195.5630914787,"B"
15356.3431387831,48.0125930292419,199.664347355486,"B"
15127.2714299471,47.6240464576755,193.264245304474,"B"
17508.0614875479,51.7001202057018,203.208788598902,"A"
11982.9965087136,36.9703629118755,200.410186480176,"A"
15641.9162197081,48.7364514322597,194.978534337746,"A"
18060.8845191798,58.3819168171802,201.179419298194,"C"
16975.7095815791,49.5861629792334,201.713270002647,"C"
18196.2505728545,52.1216652846003,202.642090624158,"B"
14811.6364349303,47.5953117090028,199.678423621505,"B"
15227.2118692514,47.8961347141909,197.48043090661,"A"
15696.5565696477,48.7907850514871,201.233925933688,"A"
14741.6047106603,49.2952637208665,195.060685127114,"A"
18705.1133425468,49.9659479749485,201.292401121847,"C"
14528.1086152222,51.4144914488252,196.882528095361,"B"
14431.6544059591,53.1249677580404,197.536404815122,"C"
11413.2637677456,42.2046665471002,198.593673725369,"A"
12938.2842249589,47.005488940729,192.44310961951,"B"
11795.584129911,43.5281845655188,199.370766339557,"C"
15024.4815505377,47.5033254276149,198.396743659551,"A"
15518.5802128876,50.8374695101099,204.572887989473,"B"
12666.7638884729,41.0898107373803,199.024810684171,"C"
15648.7014592357,52.8033670944169,200.073131545722,"B"
16786.8321607261,54.4457171061601,200.97320505654,"C"
13485.9914742886,43.4777611432206,198.880593964074,"B"
16680.3766064225,54.5191915076706,204.898184764441,"A"
15002.0364506158,51.8517984470321,198.775316491419,"A"
15829.5075809356,50.4571231423164,202.959144612418,"B"
13395.0895240044,45.597109178307,201.283543219957,"B"
15880.6884818695,50.4886708814156,200.924656037096,"B"
14360.9440961616,49.6278806608568,205.863967344024,"A"
15868.2633761087,52.9949155060441,200.274673300682,"A"
16700.9029108582,53.5321581220436,196.496024005982,"C"
10822.6991655034,48.0371678478228,203.113517691236,"B"
15707.6894258307,49.9516410028891,200.441275824283,"A"
13852.1305521365,51.4513935789292,197.483626948804,"A"
17381.0357283394,58.0647320274898,199.096479600221,"A"
16855.5070884392,48.9374346640568,199.375380360253,"B"
15173.037594303,44.474239579958,199.624849860041,"C"
16263.8892079248,55.6163189188046,199.747496116514,"A"
14308.6556559791,47.4247401100035,200.942899817765,"B"
18857.636765243,58.9098690792378,199.774496329078,"A"
18348.0027797158,54.8242207485951,201.836265272201,"C"
14345.8364010918,50.1763632688714,198.804061963224,"A"
16008.7031473411,51.1188922452145,196.798672843528,"B"
18009.3582179697,50.6465008761206,203.931924686294,"C"
14069.397995254,47.0062859718965,199.703389256733,"A"
16120.9671167391,46.9835160884384,199.490200438886,"B"
14661.4753917478,47.5524862198977,203.198166534299,"A"
11150.9308641002,36.0051798842094,200.069192219369,"A"
16078.1219495865,44.3817367057881,200.908083748025,"A"
16369.225204665,55.6184397141469,199.971916542694,"B"
16471.1219653609,48.1518484241811,197.890256212634,"C"
17220.9777059795,51.9849792436781,199.542031717694,"C"
15084.711949324,48.2632476588903,197.834669540781,"C"
17602.3756424277,55.5837589182367,204.252193399233,"B"
14373.457995883,54.5842002924861,200.08426437014,"C"
12530.6363777868,48.6501778354573,197.109986391528,"B"
14443.8802555923,43.8972098283046,198.083176809748,"C"
14105.4818678091,49.1462259965772,196.014600281646,"C"
13567.4399010209,48.6200548507794,199.845540232545,"A"
14407.674084154,49.661145718435,199.760280645062,"B"
14031.0803822346,47.614747746244,200.624022709345,"A"
16010.1093901322,51.1415102025622,202.126677869892,"C"
18687.4531297671,58.4595559547361,199.414203120184,"C"
14751.975196399,45.5665453153017,202.887920177112,"A"
12642.9729132149,42.8236134532936,200.986537755708,"B"
17431.77631244,51.6744900043559,202.549477495831,"B"
13785.9596035521,50.8039344616826,203.44709940536,"B"
15817.8073993308,51.1055209577813,202.797812606247,"A"
16074.4639954183,52.2803468094963,198.009859774205,"C"
16422.1757269577,50.5977309785615,200.697561546721,"A"
18085.2757487423,52.4087178865225,196.696776931302,"C"
17040.13478078,45.557952216959,198.588807620818,"C"
14535.8844003776,43.8991612710231,201.039584780347,"A"
15765.6781150665,48.5117490790569,202.986427743707,"B"
14872.6554473077,46.88552958297,201.652866236135,"B"
9306.1049507445,46.9289498741139,200.46723214196,"A"
17061.0944230928,52.0346394957919,198.429754167573,"A"
17524.7732698102,59.6276251820677,196.31524925417,"C"
15381.3937529253,46.5608213044058,203.27061655265,"B"
16200.5515470762,47.8715122055764,199.315339485577,"C"
14459.166947952,46.5115756203043,199.773850612491,"B"
15493.7674203137,46.2324545084699,203.0842954565,"C"
14390.4589090463,46.3112779612414,200.405274234913,"B"
15074.7587840535,54.4144595900007,196.207862397716,"C"
15173.1526928729,46.441190079721,198.633565604146,"B"
14059.417676927,46.3151937423127,206.874045784354,"C"
18651.3746884191,50.0307116164123,198.605767695245,"B"
15894.923135651,49.6875051071553,202.502848778522,"A"
14713.7092527985,50.7847146016585,203.455921903066,"C"
17480.9007745224,52.5306514838047,201.608738666344,"B"
12148.8912945999,46.3317657474419,199.171030335247,"C"
13432.0167019303,44.2879760968268,199.341583335707,"A"
16293.5856460024,50.3062092159991,199.728635887687,"B"
18668.7329853705,48.4901812783291,198.530932052015,"A"
19931.0402522295,55.5148054235768,200.404814976298,"B"
12827.7133720484,49.1980990937855,198.916090380439,"B"
16272.2498614685,47.4438043745733,198.829105363394,"A"
15488.1467545922,47.096070211716,197.985210360687,"C"
17659.1843104579,49.2822787124054,203.8592729294,"B"
19420.8214217612,59.9200276030196,202.746663731664,"C"
14562.2469430885,46.0378387952355,197.990255685816,"B"
11644.6100604242,49.6220707202136,197.650316952893,"B"
15721.6880419218,53.1497058441451,201.742983509209,"B"
17120.6466454731,54.9974937113297,196.273642451694,"B"
15765.9431554129,52.0887916517666,200.861517357401,"A"
15473.9273327683,46.125651839521,197.368965296593,"A"
14074.7561431794,52.7008168633129,197.774893703017,"C"
14901.0908074101,48.7373163698037,198.712776991925,"A"
15679.0217774375,51.8861948502867,203.794572678613,"C"
18110.5710590668,56.1332950305045,199.084024404112,"A"
15712.2676898016,44.2341534949458,209.322892214805,"B"
12190.9493581482,49.6339767259938,198.653657562521,"B"
15283.3128637445,50.1486804811404,198.50948192167,"B"
18120.9497101536,54.3778621510592,200.861177610182,"B"
15563.600738398,46.943233110943,200.31910480236,"A"
12207.2186473905,45.9364289966003,200.687930553934,"B"
12420.2580639363,52.7799918465785,205.189678794613,"B"
16191.0514778097,52.0255863349866,199.909451911039,"A"
13312.4220029812,49.4725065853257,199.382788292275,"B"
15422.7740090602,51.6501031425863,199.79667073087,"B"
15457.967025699,49.9453235582912,197.26972909533,"A"
18572.6369699318,53.528937034981,199.823175894988,"B"
15853.7432313393,54.2239616011149,197.805954082255,"B"
14511.7634786198,53.0848393621304,200.699168225178,"B"
16921.8169516148,58.0193568549251,199.71485919596,"C"
12867.9086164645,47.2116672535074,199.847114923419,"C"
13866.8850503916,49.8018274054528,200.519902962006,"B"
14084.3513432862,45.6924340731917,203.208861381717,"A"
16161.1589160181,50.6955482413642,199.937489432566,"A"
14348.5125582933,49.8932244541093,199.618148412884,"B"
18088.3734854346,58.5890055354525,201.957166798866,"B"
11883.6214390923,50.3998602824927,200.356662141165,"B"
14194.1295215552,47.4718225385238,198.691124863892,"B"
14219.8287875512,49.6670074776448,207.158355184747,"B"
15937.3306916344,47.9219614504472,199.443740654712,"A"
17633.4800613142,54.3414343467271,200.476887112657,"B"
18194.9201639619,52.036960559884,200.471914091849,"B"
15472.3428219777,50.551931117534,200.472548381003,"B"
15241.6953065801,46.2442325850615,200.237528165021,"C"
16469.8260407889,56.2993286372479,198.502984235283,"C"
13812.9097640589,46.3720316240831,205.085087361215,"A"
15363.5023456606,50.4230943894219,200.108009013235,"C"
15220.5188801511,52.4431797347681,200.223129115741,"C"
16456.3256095591,49.7192135103594,196.315306329514,"C"
19962.2635341498,56.3981429031245,200.792226516906,"C"
15348.7579418106,46.2433231916874,199.262663568069,"B"
14826.1652571764,52.6844894029972,199.096744349831,"B"
14047.4814177905,43.9929300241327,197.305004891049,"B"
12391.1191416257,48.1294134130454,190.521334120647,"A"
16769.0963924846,50.5402049957783,200.611743285238,"C"
18059.8199787187,46.5409628074235,200.22894448608,"B"
13162.3487761368,51.3813635432982,199.038547024189,"C"
12798.3131668721,39.87393655207,199.494049481086,"C"
17672.6439253132,53.3716703451805,213.421985164668,"B"
15376.3215153611,51.115598280586,199.693031570538,"B"
18461.7030214544,52.3274183286834,203.85345836191,"B"
13874.8854342982,48.8646651389681,202.642609144724,"B"
14246.8060885532,47.9889527360831,199.603522910541,"A"
16546.2001659283,50.8179643860964,195.748356462014,"B"
13350.9395950979,44.2536026772819,197.467269859211,"B"
16382.1862912507,53.2591233206664,202.650256493887,"A"
13499.7949849988,48.848134146165,197.517934027766,"A"
14949.1120733595,48.3865795163147,198.06998507227,"B"
14976.9037033879,50.7698676398485,197.754535301026,"A"
14879.8161328045,45.1234884248139,199.676093433785,"B"
16095.5939658847,47.25073422131,194.201577246114,"C"
11849.4914556579,49.1192435930421,199.445653343664,"B"
14478.6763609387,45.9025524359715,198.428211738695,"A"
14010.0956494612,48.1197139705838,191.32050296894,"A"
13386.3620702038,44.4827203101159,198.56285810707,"A"
15805.2523530949,56.1538582287,204.022819627786,"B"
14457.7068950364,48.4057021466108,200.678354556368,"B"
13789.5387338287,44.9694660887766,200.194676489428,"C"
14648.1831715973,51.7221074864346,190.159199735511,"A"
15507.7373281111,45.6191640150596,199.004661275948,"C"
14381.6042592963,52.2311778346512,198.275223507887,"A"
14681.6188978302,56.7416799945356,203.046058187729,"A"
12589.7265747995,43.364142675302,203.5911699762,"B"
14728.4243419446,53.4918423347609,190.38772002627,"A"
16613.2203502602,47.5675366436587,203.132996056469,"C"
17345.7283564368,50.2640380928395,206.978307869989,"B"
16920.7364310344,54.0871027794708,197.982939697844,"B"
17169.2625659672,56.745865769973,200.122977085506,"A"
14981.4339440504,44.3780817695476,198.855934192333,"A"
13766.2456811739,45.5733497814104,201.621478228831,"C"
15071.5625878571,47.5378625597702,203.089225382497,"B"
15514.6548684223,44.7858250548949,202.456549259968,"B"
14492.2884822801,45.9035427527527,198.457213905526,"A"
16827.5489455845,52.0569104081141,202.793188048093,"B"
14931.9324804702,48.8209765361404,200.20175778041,"A"
14835.5800204097,46.7380065524834,199.918199834782,"A"
13491.4554381158,45.968243093934,198.291079238573,"C"
14903.8768434597,53.8596870445975,200.539764185493,"C"
15356.122299656,51.3188807677559,205.083697348633,"A"
15057.3527029027,46.4583581087417,200.35762522247,"B"
11537.6308728709,53.0341640157559,197.66256416269,"A"
13140.8974490245,49.0511613106459,198.568552726315,"A"
15908.7873777667,52.3565557828249,201.328542189139,"A"
16098.7579322843,52.4759104035975,196.058467803986,"B"
13543.8408967457,42.7028501901097,200.407361450465,"A"
13227.9736599976,47.1689330207946,199.628853293938,"B"
15593.0843499917,47.2917153712849,201.54526823789,"A"
15231.1493919622,50.5252020395038,200.053433339669,"B"
15809.9050598375,48.8168539981001,190.298956432151,"A"
13506.7825489485,43.842975159758,201.647188743998,"A"
15147.8946537926,46.7419886799246,197.049816903621,"A"
14007.397363653,49.7545044065688,200.133293418915,"B"
15752.7032933709,52.2517332868075,197.704461376848,"C"
11493.7772328217,46.5763181138757,194.179072713707,"B"
10546.4585310928,33.7701096416692,201.237905919288,"A"
17663.2342207856,51.4549239729544,200.472880748164,"B"
13301.9303812307,44.1911393267555,192.337368716273,"A"
15077.0067466476,47.9568678993714,201.790625882417,"B"
16223.8260063355,50.1635176224288,201.364744690292,"A"
20063.0828151302,59.9047124352454,202.715308256316,"C"
15333.137277155,43.4950834253718,197.969211332515,"A"
14950.1707997767,49.1333036354477,202.056702967161,"B"
16666.2236169762,53.3754393733426,200.815329377989,"B"
14075.0600326936,48.397153047702,193.796220955619,"B"
15737.8044269998,50.6447537433993,198.486884340994,"B"
14003.8261822171,52.3367980261087,201.207433002009,"A"
12435.5035573705,47.5038062620148,198.496460709911,"A"
14574.2748143155,47.6875316271016,201.363554820592,"B"
16335.8383283488,46.6202759391363,195.219756608003,"C"
13236.0631636428,46.1764788174974,200.57840413337,"B"
13078.6589283608,46.9161864603882,201.636910571615,"A"
15893.3104115531,51.1150649666764,200.529652962679,"C"
15760.270743221,50.1722579190499,200.332035910285,"C"
19318.7962802202,48.4771044189797,205.396436156815,"A"
16285.9760807512,52.5266591715645,201.305161097812,"B"
16800.9748749786,51.2760511192775,199.410885917711,"C"
12196.7320079894,44.3484468017545,202.828689357852,"B"
15628.8623696217,51.1496951402029,198.140962563347,"B"
14349.487043131,45.0233420291629,211.603245073882,"A"
16421.6800151747,47.0754863282134,199.808307497746,"B"
12889.6733181104,46.0454375085441,200.493194387182,"C"
17604.1380346028,54.855598997626,200.659144484502,"B"
13149.4964151664,45.452273887929,196.825762052896,"C"
11389.9449591506,41.377871465025,202.915723883532,"B"
18008.3205257714,48.9167252064097,200.028370472797,"A"
14264.0256866336,51.3865503196818,205.20665072683,"B"
17457.9025710719,53.6437359538596,200.237993316776,"B"
15445.3780575833,48.3132172766177,200.799146205103,"C"
13639.2090156624,46.4292743326253,201.559854178328,"C"
16336.5667760765,54.5723816257863,198.542135902105,"A"
15986.118397004,50.8390932809068,194.908081821423,"C"
14355.7878508921,49.6887208053855,196.256568531423,"B"
14898.680399031,48.93707762205,200.121371743235,"B"
15051.1478397361,45.8802075439289,209.162044628524,"B"
17180.7099398981,53.2895675542453,203.050090001945,"A"
15000.5979552132,52.6504600077386,204.964121404745,"B"
15489.0402832135,46.242193272981,198.70518091814,"A"
12333.1946177013,42.3824962338624,200.130707789891,"A"
16102.9855921723,51.5333596088865,204.52363107731,"B"
15037.0767690184,48.526287314323,200.320656566112,"C"
14828.5097764917,50.3772837727652,198.753011549031,"B"
16607.4993668848,49.738038430399,199.536183790671,"A"
16012.8455103104,54.8228564552232,200.518569852476,"B"
17742.5034322482,54.9455039706751,198.014918395987,"B"
11341.5692722741,46.569665448824,201.152870794413,"A"
15464.765688312,48.8498774609871,212.357071138289,"A"
16959.7342846813,52.8302771551168,199.539248108437,"A"
14419.8190669906,46.7566696966551,200.009843984331,"B"
20385.903445065,52.3731994203886,209.916189391029,"A"
16371.4443372942,51.8332333125946,199.348930567214,"A"
15548.7585276065,51.8301154593812,201.737873695895,"A"
16933.5360938588,53.101555631605,200.232429715418,"B"
18243.7706730379,57.4515542544664,200.913322074355,"C"
16810.2016554917,52.0509127801054,201.33000579272,"C"
14022.578867992,52.1788447125491,200.678504761342,"C"
17628.8026032598,48.5685554787334,201.733455861986,"C"
15439.1549577659,50.2354190977718,200.756979080039,"C"
16031.4070661325,53.1785743487696,203.638375227122,"B"
12716.2347150573,48.7748598712259,196.823066413961,"A"
13651.3727704316,49.1665652582327,198.956849090382,"A"
11672.137062681,48.6073426683158,196.573129685281,"A"
16438.3369371362,47.4339933596504,202.366431296378,"B"
13637.641717516,46.8743232989882,197.511114345373,"C"
17634.7757310399,46.8347189764528,200.891947385515,"B"
15725.7038398249,46.3984303656864,200.181495658097,"C"
14775.6846813945,48.484454532576,199.204162601558,"B"
17620.8828432982,51.8466477250386,199.369518006626,"C"
15255.2190780676,49.2698733839538,202.008762744127,"C"
14831.9303100117,46.5982332923871,201.035514793879,"C"
15857.40822526,51.9957634825572,199.674450692427,"C"
15720.6701734365,52.6326266847175,194.405333805544,"A"
12222.0168184728,53.885875161337,201.746306559615,"A"
14655.2087964063,46.882041089628,200.324643737476,"C"
16816.6613435712,50.2986745789319,198.766779223369,"C"
17984.3614100868,60.9623804177374,199.23746346223,"B"
13864.1654989453,45.9474388702812,204.590228442724,"B"
14802.0817574324,51.202831623727,198.927920491602,"A"
14087.3871971908,45.2895525837204,198.803332428681,"C"
13982.9924516386,48.2181775249596,207.460991432462,"A"
13338.342454594,46.247174544272,199.960904533133,"A"
15120.8004662161,51.16855437625,198.304323358624,"B"
16307.5456375296,50.3730204774093,198.126131021526,"A"
16009.6132723775,52.3556799186277,199.114578167638,"C"
18598.0237600699,52.3665592525106,208.53712502583,"C"
15629.7860227846,52.1608948404339,199.45744690533,"B"
12095.7948398595,46.2823153707752,191.684140053928,"A"
17315.6821916021,49.173878479956,197.801276562754,"B"
13795.6314140876,44.0170881380469,201.25133997995,"A"
15583.0466373854,50.5169646948256,196.400598660743,"B"
15580.6352828791,50.8220277329035,200.516228755927,"A"
13631.6502275666,44.2333794195837,201.470575182694,"B"
16790.6296911648,45.5678478921316,200.091973726506,"A"
15907.5859502027,53.5525922019967,199.077306080868,"A"
12676.9282087427,46.3157809714645,202.178038787669,"B"
14576.4620429014,52.7068961440786,201.285250175894,"A"
16237.2349954195,49.8181447239342,215.556280510201,"A"
15227.344127882,54.1891653100728,201.800071309278,"C"
15283.8839168718,49.2487351569579,200.063301404456,"A"
18043.4759724694,50.2656783585532,203.802498044717,"A"
19105.99235495,58.3003059314668,200.80747163863,"C"
14982.759492259,50.8046466419741,197.612871238366,"B"
13279.4011047259,45.8442534723574,198.526054341488,"A"
15783.6702654231,50.3843939300352,201.804608961347,"A"
15838.1684757789,50.9999189896236,201.876123661229,"A"
16867.2104876118,47.0059577362648,198.841764708587,"B"
15135.8434802799,50.5136045849151,192.002945523129,"B"
16817.6199675532,45.1477014880256,197.777137251167,"B"
11960.6045810181,39.8031099602185,200.733103523073,"A"
16079.1454108827,49.4915537100949,194.657186050451,"A"
15518.2885720124,45.3260019619354,198.043353887234,"B"
13179.1829178527,48.9255006173845,199.81522348415,"A"
17792.073287284,49.8391881685124,199.506840774168,"C"
17472.9963789814,55.6054220037694,199.344050524648,"B"
14599.7926809967,52.6668097328384,196.338399461325,"C"
19479.2174257695,52.5980022498937,199.505832747942,"B"
15137.1349994028,45.3517860470253,202.688214683648,"A"
12888.0851027681,48.8546746361893,198.538777387399,"B"
16740.0967618789,54.4650716874865,200.838122932948,"B"
15367.5662438726,50.22718433571,196.960246580657,"B"
16756.5628338752,52.2265123359821,201.239418628001,"B"
16449.4411666971,50.6982846135142,200.795288694308,"B"
13062.3327130287,46.2086617371999,200.183844671053,"B"
18544.3888569638,58.3564255322467,200.55983331222,"C"
17488.7912763306,47.7166663022743,203.883862506446,"B"
17481.5078634708,48.8972405973375,200.80607940217,"C"
15651.9175980648,54.5034479246383,196.675361904662,"B"
16146.4934915412,43.1277380706186,199.211280785334,"C"
16620.7569564356,54.9200062124077,199.798840742224,"B"
18363.6237495585,46.121160530411,196.886558529467,"A"
15334.2778376637,43.6190014769958,199.398207838124,"A"
12844.0164105248,45.9273868255335,192.922375057292,"A"
16991.7653325119,54.3012499153896,199.850237574701,"C"
12583.0733449013,43.48561914017,197.988767092667,"A"
17518.7462896922,49.9625561807924,201.367952521283,"B"
15825.2980451077,51.1377218208374,200.458287582288,"C"
18690.8789342676,51.0821020329091,202.265288738388,"B"
18209.879091809,51.0443434490457,200.89852509066,"C"
14085.6302273191,45.35345412224,202.123618711317,"B"
13440.8784605179,46.8373248532829,196.056003434126,"B"
15672.0714100334,50.1232006176463,198.457192667251,"B"
9183.65160359409,43.7868425179264,199.892121804401,"B"
13589.7215261397,44.9536812718228,198.374624838847,"B"
17245.5164589968,55.2993001167768,196.424370761223,"B"
17739.4152435314,51.2632914726732,194.72762746991,"A"
18194.3676082644,55.3851737355861,201.47888697647,"B"
14313.8467270122,43.8725747857162,200.278773884022,"A"
14853.1475953127,49.4155980065253,199.201610559991,"B"
17426.7316105067,58.8449176053052,198.427319367786,"B"
13426.1719130325,47.2731466538855,211.009052811153,"B"
20037.1271884034,54.4797974158532,199.651977308998,"C"
16390.6932016296,50.6612426106739,202.266762750256,"B"
14265.4954571451,45.9584866440659,200.980554864939,"B"
16429.8679067497,53.3055871930898,202.155241540671,"B"
19680.9667059581,57.3385571790734,205.873505466513,"B"
16073.630149095,54.1255021857553,198.217133945317,"A"
17725.6490166165,48.0754558248763,202.472708112964,"B"
13617.1816583645,54.9192469675262,194.812867238049,"B"
16428.3059205057,52.2490801938532,194.897988194545,"B"
11598.2548233192,45.6275051663372,193.571611703075,"C"
13412.4735240325,45.2356003008488,200.593935739216,"A"
18669.8906340465,46.7670073965214,200.393205642207,"A"
15571.1549382954,51.696481984771,199.015185916844,"A"
13102.856518535,40.944980361025,198.870523751657,"B"
15270.4403932395,52.1841018483751,193.888742929759,"C"
15567.8326533235,54.4064536608925,200.127157377032,"B"
14456.9346220844,43.1383128577014,204.702166840441,"B"
16375.5742318192,55.6002039647368,199.240031510808,"C"
15952.1188126895,51.1056160518409,197.025720545047,"C"
15869.7956574271,49.9672762089501,188.428634934155,"C"
16381.540532233,54.3710274359138,199.616840474895,"C"
15450.8696438877,60.997366543942,202.293149182381,"C"
17828.5782432816,51.8185131854096,200.337436642144,"B"
16697.1340016558,52.432489305333,203.334721035426,"C"
15764.7273448945,49.3533982301304,203.592749583432,"B"
10986.3526531856,36.375454239331,199.922856353845,"C"
15319.2079902711,44.6388341852103,196.659161382038,"B"
16067.9694883869,52.1817634960761,198.997426377126,"B"
15338.2861518383,49.5723232171819,196.338795836822,"C"
18900.2456787804,53.404957722831,197.530907007125,"B"
15794.1763095564,47.4256795821786,200.686441896151,"B"
16362.1257265841,54.3681994052634,201.881826715977,"C"
16694.1215745288,58.207472634841,199.379692582864,"B"
16200.1371910846,52.8082228918403,197.054568344377,"B"
16938.8967917153,51.2780144589532,204.013922272375,"B"
18342.1037575419,54.6412670139939,200.191512728736,"B"
14201.6887538889,50.6789846581177,206.288487766088,"B"
17169.3159756331,53.0765158954324,198.220684947443,"A"
13422.6432171648,41.2842634361885,199.864972434233,"C"
15661.8716306025,50.2884331719402,197.138987675605,"A"
14019.1188287416,53.7521563231497,201.820329177659,"C"
17837.2990556402,48.2774891580336,198.818708549535,"C"
12163.6670003011,49.4966623038103,203.058015143633,"A"
15079.900029527,47.9475897717218,201.450729911065,"B"
14995.1858661324,48.7770568397929,193.584234082832,"B"
14339.2393969543,45.4459263645294,199.469969320958,"C"
14779.5717186189,46.9476267351558,196.228884349495,"A"
11693.5398352549,43.7792080041016,202.641566540421,"B"
15266.8213418886,49.354263442084,198.130370150381,"B"
13759.9310097178,47.2377440613873,202.97265536986,"B"
13448.2388564816,48.1982162097765,203.386111432087,"B"
17477.7245355556,49.5942226359517,196.171699677431,"B"
16937.7858725034,54.2645975683214,200.925059282767,"B"
14283.7892739125,48.7541186508148,200.877001100014,"A"
14835.2707032101,49.0088305812599,199.196858292071,"B"
12599.5656755242,45.6691114089323,200.069991717605,"B"
12468.542107151,45.2082237258315,194.597945179125,"C"
18075.3246490131,52.2966048228896,198.564591005277,"B"
13592.7057344016,43.3821656791988,198.993974020281,"C"
15285.9009527271,52.6542528741818,203.718705938431,"C"
15519.123627268,58.2645401978516,198.828771260174,"C"
20293.7885046395,53.963395211706,197.976094512605,"B"
14693.574070151,45.7536831523069,199.003919311015,"B"
15154.5173411115,51.7032928258121,199.887653699159,"C"
15054.243189372,54.058285586269,199.744087451226,"B"
15915.7511801025,49.5882302671322,200.578478674418,"B"
18972.5980792054,54.5508478501857,207.691040122134,"A"
13650.9346538367,50.0485939727597,197.558390433546,"B"
15525.5140634425,52.473212170539,198.408094228789,"A"
13788.5716948687,48.9884652298758,201.714816517488,"C"
17173.8544098953,53.4993379627557,197.800585273605,"C"
13417.0223058506,46.1247896756941,202.875968542187,"A"
15213.5055894976,53.9601689434859,202.940264830394,"A"
19068.9410899631,59.3916883322981,196.996525439409,"C"
16635.2676828212,53.5074973925625,201.258588202648,"B"
17909.128723651,61.4670063216525,200.247143111636,"A"
14932.0141910543,49.7261874589538,202.602113799617,"B"
17506.7222569063,49.8205241958465,199.719892320723,"B"
14778.4584767617,49.1235315452731,202.243307228802,"B"
12112.8392462781,47.6441367587305,197.286775930411,"A"
16631.1339081938,54.4468099190875,203.477786574026,"B"
14013.5834536028,51.9598395365625,199.600779434835,"B"
14748.6499432241,46.3265267516168,201.986870024636,"B"
15967.9464938977,51.4182745682904,199.527082268132,"B"
14300.0930179819,50.8168700548563,202.290234755607,"A"
14354.3875741667,48.2912920063096,200.843969933606,"B"
12770.9531678731,43.3677485482085,195.74363075817,"C"
16990.6989247258,56.8256201137162,197.158502569956,"B"
14874.4755894761,49.2431773759717,201.152658331623,"C"
14950.2543671339,56.1769237798262,195.407617472384,"B"
10704.2930913729,40.6678029609193,202.039200296685,"B"
12879.3598867655,46.813302811677,197.48101949891,"A"
18048.6623212019,47.9909352013401,198.870559972217,"C"
16503.6961299496,54.5940507251155,199.863104888123,"B"
14044.0272076769,41.1539464529151,205.023174738603,"B"
15361.4715716238,48.5642785126474,200.030238919359,"B"
13936.1164661272,47.0618221729196,201.674010595791,"B"
13684.0663140173,47.3446021620586,199.200335284337,"C"
16615.170645898,54.7472108034663,197.160403488701,"C"
16811.0300238906,49.8663974361572,192.589570071935,"A"
16880.6139371928,48.3051664041421,200.635995776798,"C"
15740.9050076941,48.9996376098409,204.004516429405,"B"
17029.9028922402,50.0621995145001,199.178192014203,"C"
17834.5406488326,56.2910228330698,203.090783143052,"C"
18531.6640349327,51.9069239842851,194.547293306277,"A"
14234.8903067184,44.7191396719701,198.270112070999,"B"
20049.8756351489,53.7606140272676,202.975092928635,"B"
15209.3897112924,47.1615276108112,198.66772846603,"C"
14376.2509551374,45.3264824498017,199.356515935813,"B"
16716.0899381139,52.0899356719886,204.293760056341,"B"
16767.7396183903,50.3405881490118,200.787155281156,"B"
15578.262571214,49.9573242939998,206.595082650133,"A"
20821.2476739802,48.209434187878,202.268081543122,"A"
15108.3588054823,46.3690764000056,200.001307315354,"B"
16851.958136202,53.4722365632439,197.826446750772,"A"
15357.0519043715,49.1375965120754,200.520303318282,"B"
15751.2072472901,48.9440782595129,198.422431501459,"C"
15628.8479639232,50.2120357804764,198.941520948682,"B"
13974.7112622898,46.2165859430356,200.676622485719,"A"
15464.0756593221,54.6339626765026,196.567435819283,"C"
17643.7432759896,53.1020168983901,199.461373801797,"B"
15878.6360635969,51.1490869315687,208.502076803962,"B"
21400.0102268291,53.6540514276614,201.053823805471,"A"
16040.8870401118,50.4590447737658,200.375584188296,"C"
13650.5793453373,50.6657940165628,198.85768435283,"B"
13938.8959696148,45.6468998195826,202.49378241155,"C"
14230.2794065907,54.7386686740253,198.77481062517,"A"
14080.1842766124,47.7948836691212,197.188347383144,"A"
14364.1797167937,47.0436867980743,197.909427647335,"B"
17260.104253195,50.143514321565,204.925845680136,"A"
16013.7453997788,52.058561343531,198.422532307698,"B"
19356.7760248918,55.2420894036973,202.668098622967,"C"
16858.7945680324,53.1648831965174,201.68489542216,"A"
12607.6369433098,40.3454140957089,201.53924495246,"A"
14365.9003767478,50.7239401345879,199.558517208117,"A"
18330.8802634985,61.825863476936,200.674722079828,"A"
16384.043645941,54.7444299129372,196.215950184299,"C"
15072.363200671,53.4278135132627,199.510436746977,"B"
15761.1794660773,48.2348824876922,203.179434245042,"B"
14428.7317556005,49.5553348260881,196.873612994609,"B"
13923.2575659397,43.2806618605344,200.059594170704,"B"
16638.3341320956,53.4673742484351,200.808133483674,"B"
16923.5295753553,50.5941380333815,200.560392017772,"C"
17084.7692363918,58.2867106785276,198.600675484766,"B"
13601.6772066286,48.9774520734117,191.996543173611,"C"
17551.1338666563,53.4147816195977,201.912313943937,"A"
14208.3565090595,44.1444235580824,197.982294132334,"A"
17130.2969750748,49.0036599603346,202.307449647214,"B"
16510.2929892534,51.5267501897008,200.080449043453,"C"
13603.6851912166,50.2000095056311,192.414525485718,"B"
16833.7226431623,57.5095842959871,198.876870267942,"A"
12966.7063375513,46.7004486375598,194.27572031777,"B"
14094.2271553304,52.7459206594831,200.676243403865,"B"
13111.6996719566,43.0844232750053,194.888045969035,"C"
15640.9650285338,48.721146097807,200.576909802038,"C"
13954.1157579755,40.8524070855271,199.077165601902,"C"
16762.0756365535,51.7340522609131,198.036658132595,"A"
13807.6676988129,50.9867161227956,198.957735687705,"C"
17899.8613746723,56.3843650798198,201.260580240751,"C"
15383.9619004803,46.8704321071866,198.494979013189,"C"
13676.4200493504,45.9152355874272,200.877438512145,"B"
12243.7292207728,46.7431701825464,203.844437667638,"C"
14796.8166230425,54.0278949760853,197.325955475054,"B"
15301.9487876268,49.6283818639336,201.721264922269,"A"
13811.933985131,47.3112792025963,196.311926459787,"A"
16242.7529612306,50.7640563747919,199.51856849838,"C"
13772.2923751914,49.8636937767635,204.575702556749,"A"
13723.3151084042,44.0177991229044,199.327976948818,"B"
11170.5818282649,37.1351095934105,200.602689958489,"B"
14527.3134502081,48.7583789916117,205.7653208072,"B"
15318.6968811952,48.6733434910236,200.238620233166,"C"
16898.709780098,46.7616744983834,200.561329403043,"A"
15447.0265986354,47.6244683702631,201.828809332906,"C"
13815.0041902012,44.9195611214616,201.124278150279,"C"
17166.4908168274,49.9695459388054,200.653358606383,"A"
17973.9907596519,55.3188807069976,199.009849991693,"C"
19122.5783107747,49.9268045460508,202.12186452159,"C"
13904.5407711548,51.5033599166862,199.824762600841,"B"
16960.725085076,55.3576609149749,202.895341714161,"B"
15913.7139310825,51.1460698728071,204.376804833298,"B"
15084.2305287628,44.4598590670095,201.722080798591,"C"
16752.6048662526,49.4053322434618,198.730355742724,"B"
18158.4211860177,52.5544821437716,196.493431443748,"B"
15857.6624014372,49.3599422314832,202.630673548026,"C"
11200.8141235249,47.9805389605126,193.373232787215,"C"
15290.7767028146,48.4390717424378,203.068144901287,"B"
15495.3428160547,50.7084809738015,196.519798956764,"A"
15383.678732849,48.0007866675415,202.136515842156,"B"
17299.0062871401,55.4742218759076,199.570372859488,"C"
16952.6669532913,48.4060077261204,202.787282689409,"B"
18886.1187378403,56.94829638139,201.146999963716,"C"
12562.837195384,47.9857088180791,199.409604687815,"A"
11428.2342284751,46.7454757455458,198.618942501321,"A"
14031.8173208673,49.3039427575816,199.0667290374,"A"
14244.1196215547,47.5278828401091,201.28571221243,"A"
14690.4872930005,49.0800180658508,199.813530837965,"A"
17255.1455913975,50.7863020380039,205.976935456539,"A"
17728.4709504107,50.0849273618248,202.824976077204,"B"
18282.14803627,59.8560221734697,200.021587012907,"B"
16033.1026738778,47.6437881989808,202.73048950578,"A"
13204.0446048136,44.0988089374588,201.423425036646,"B"
17142.7017735249,54.1673089055418,195.529559176986,"B"
18474.2106021441,49.983574923823,202.155834168777,"B"
15029.0240407467,48.2894023045967,200.355068617752,"C"
15603.5995791039,46.5705058967431,203.489495894444,"A"
18266.4329659476,54.4828257541664,199.73941899112,"C"
14743.4861562884,51.4726256141521,198.777139524915,"A"
13296.4762424105,44.7931263764764,199.057338238602,"A"
17492.2419877845,59.3139828682213,201.163546636523,"B"
16346.9675839586,55.5587318786558,200.097101286428,"B"
14894.9946785221,47.9573865658269,201.220938359074,"C"
14977.3839467088,50.366191134011,197.056663468618,"A"
17612.8847086285,47.3208897945734,200.215704782414,"B"
16481.0350575818,52.4198117924069,199.624343897228,"C"
14196.9643873121,50.0202600136873,204.369219887547,"C"
16062.7937658853,48.993147870233,200.205497816868,"A"
19909.9174002877,56.0275042266948,204.121522174357,"B"
14399.5416281206,49.2047964076323,202.348324042309,"B"
13286.3864480342,44.0839427874986,200.190748159694,"A"
16397.1770961947,56.3777114924779,207.244656858906,"A"
14365.7724088,45.885318912911,199.873042921135,"A"
16496.5309737933,51.493751671465,200.985410351801,"A"
17683.1095467251,45.4974636546171,197.632369076251,"C"
15688.4246475678,50.358674923689,200.427434957094,"C"
15184.121607646,48.8531670586302,203.356228371606,"C"
15518.5347728738,54.5749739718703,201.421322280024,"B"
14476.3209176486,54.6849628999307,203.182388611982,"B"
15766.9017153141,49.0343204104113,202.223965206233,"B"
17063.1854398737,56.6508184576346,199.576379253794,"B"
13849.5143126212,46.7817589009096,198.240836934203,"B"
14676.8733376507,50.2182818056078,198.539091591635,"A"
15448.5472353827,46.6320504599455,203.74717554101,"A"
17781.6186826466,51.177078605462,200.560304473599,"B"
15724.0345426022,50.4878150422164,202.517678018264,"A"
15708.6200735071,49.6690098964189,200.084476023698,"A"
17406.865895748,53.9060400134405,201.736382393845,"B"
15707.5063014745,48.8662962766344,196.295393031888,"A"
20247.1487937494,56.2757079060377,199.656269480383,"B"
16003.8205743487,50.9688038434816,204.89339743442,"A"
13225.1374118487,49.2202862587279,192.517631697196,"C"
13884.647093283,44.8239348486461,198.454664420786,"B"
15881.5848049777,50.4018470085848,198.30112125973,"C"
13586.9115452788,51.7285292856444,201.880716481152,"B"
17783.6790523535,56.8334967131411,202.186021836958,"A"
15114.3775933912,46.1949297351849,187.626644602096,"A"
16953.0851890424,54.7746989364893,199.826894167397,"C"
15166.0105497914,56.7437933538938,199.650263836423,"B"
16507.3756836462,49.8609852117127,200.504491574082,"B"
14311.3211325757,47.1562846627165,200.520066147213,"B"
12471.3692891506,47.4286955693956,206.819507656369,"B"
18362.1784921563,57.9194818894963,198.170401007245,"C"
17560.3708572053,52.3887259980253,200.632266318632,"C"
15971.0288752521,53.4801151258593,198.937861185684,"A"
15757.4342973025,51.9225024830306,197.783191455988,"C"
16911.3736923932,46.2036005903509,199.334885092033,"B"
15542.0644749453,43.6650822413371,199.189145224426,"C"
17986.9937426241,54.2181090063843,202.817552941151,"B"
13320.4680091267,45.2761410706254,199.32499918884,"B"
16161.3131441134,54.3722852011261,196.863672839295,"A"
14625.9780807777,51.6467122367719,203.044571968878,"B"
14941.8182394429,49.9752190654616,198.091653214747,"B"
15810.2710683016,49.7863637971915,195.077458981792,"A"
14357.4226930122,52.3308993968389,201.096770012897,"C"
15219.1967241593,49.7810750055708,202.391614291603,"C"
14523.5691962427,44.9294744204889,196.023623979109,"C"
17957.0977950052,50.5788867435691,199.58937612015,"A"
16839.3952793909,51.0361614027162,202.543474686221,"C"
15238.4177592221,53.9840805452492,194.217130978429,"C"
15864.6071674254,53.689454046053,200.467386463309,"B"
15929.1236102947,49.8646391117249,199.829631932121,"B"
17033.9033728353,53.8216606191275,200.111147346696,"A"
14693.2222442147,37.6950853548769,201.712134608896,"B"
14492.0178337169,53.9079069764003,196.223723707689,"C"
13217.3780282025,42.6993098617247,200.20899855519,"B"
15051.1186558419,44.1476457239191,203.26262124509,"B"
12336.6774150304,47.7042844095489,198.92063521122,"B"
14859.5226190345,48.5591912905072,193.865384407988,"A"
19438.4873512913,57.165537488431,202.762653266616,"A"
14274.7520316747,46.1409278264222,198.949281141296,"A"
15504.4657423527,51.5447150982634,199.000427570805,"A"
18098.2147713512,58.8111238662681,199.112395892742,"C"
12775.5386759408,48.3573696432991,200.082777396995,"A"
13797.3945018392,53.7949506525901,202.401882932029,"C"
15983.211579293,51.8150840310862,199.466186338638,"C"
12641.671925818,48.0455362553719,205.312845400525,"A"
15934.7909323524,50.6661971248778,200.600718484451,"C"
17000.4340919203,56.1813426299248,208.316951798914,"B"
13715.8635747858,49.8627245681475,199.298327034931,"B"
15573.4840792986,51.8855081612237,199.2469351156,"A"
16029.791134331,54.1737132722905,193.498048295405,"B"
15704.0061513063,58.1222798244116,199.928843418991,"B"
13232.8807409349,53.8683674133851,195.116505890629,"B"
13933.6069102355,49.8751232017174,198.187880868222,"C"
15898.73443262,50.4120484715859,200.004627995833,"C"
14011.9938489099,50.9061143676055,200.247381081238,"B"
14794.4334616183,44.0433298586289,200.930734852498,"B"
16806.5265625485,53.8662484078329,193.25966337264,"C"
15979.0365149798,42.5076645937119,198.590029689319,"C"
14614.9353736027,48.0355456755004,198.708196330431,"A"
17485.6092353961,52.2254533220034,204.685022356801,"B"
13134.4875951634,45.377851575672,201.087003082597,"A"
13489.2307846315,46.3150793602364,197.940758613803,"A"
16607.2767619279,51.6272532435683,201.042565868232,"C"
16542.782883656,54.0543573742959,199.89868268291,"B"
14757.8040030581,51.4453692566506,195.274868999418,"B"
17006.4520983253,52.9722403984728,201.15174329845,"C"
14807.7121122429,50.9400348489518,198.095282900871,"B"
17352.375015524,50.0426170994955,201.785536995972,"A"
17928.8842359133,54.7731497542877,201.482922576168,"A"
14712.9580806647,46.1487378515584,205.428418156122,"B"
17219.3605290422,55.9204882432781,202.158535015335,"A"
17406.3697218562,50.6926878420247,198.461982738828,"C"
15499.0738706263,46.0224039581071,197.935286574851,"A"
18316.6559690637,58.42564003047,201.05815971176,"B"
14688.223671897,50.5371726739608,200.281482667454,"C"
12613.4942273213,47.3491874431681,199.901674907003,"A"
16122.0588465097,55.7038483753234,200.941572210126,"B"
11948.5390789286,51.466085547138,199.141765013673,"B"
14004.5943455341,46.7337692979405,197.324244719791,"B"
17035.7927874056,47.8747314435875,201.844651132258,"A"
11010.5620306086,40.5506476911905,199.48624792033,"A"
18587.3773916284,54.2257905968957,197.560545240239,"C"
15874.1048842953,55.711019640527,200.040979482818,"B"
16676.790894978,53.0328245708008,200.821020668,"C"
18655.9258189427,52.5164365949975,208.327454775342,"C"
14774.0000208151,44.9362881603966,202.137003544507,"C"
14470.5262476894,46.9272411257758,193.12551265084,"C"
14785.2098794847,53.5465140315812,200.408707023571,"A"
14466.1611893922,45.6738711304813,198.092102124081,"B"
14902.777771798,52.0668904185259,201.703241057358,"A"
13059.035022768,49.3077759158166,199.124382415059,"A"
15694.2234702229,52.9232999847487,202.348774431554,"B"
13232.9284630184,47.957308713824,201.788353205639,"A"
14619.7805645491,45.7741228249429,201.862277932563,"B"
18243.1851912291,55.8945629055419,208.410331460396,"B"
14109.7409371838,44.6733387723891,200.183625354783,"C"
14921.7331764172,52.4697342256648,204.692109194378,"B"
18102.1601277091,54.1951126163918,201.443727127369,"C"
13865.4009262791,45.3212852873134,198.651009450094,"A"
17566.9876498605,49.6694134695395,202.989564887372,"A"
18073.7857970716,51.5483627831321,199.383856922425,"B"
14250.9774281412,45.5340477585646,196.929668051875,"C"
12172.0095867689,45.6722728666636,198.366424322804,"C"
18772.2871714717,59.3542685740715,203.955514744294,"C"
20000.6025092891,51.0106852696367,206.861374129433,"B"
12591.095278868,43.815842765718,199.813616629658,"C"
18485.8605840092,49.3960393693396,202.902666638856,"B"
16183.186893764,47.271301672058,203.198371854889,"A"
14985.3839939171,47.8514126828342,201.649010904497,"A"
16155.9284759824,47.0373864332698,198.903150275449,"B"
16503.3784918029,53.5888770169178,198.447832754653,"B"
15767.4628523546,51.4945043843597,207.257755103038,"A"
15101.0789411886,40.8319911246533,197.09780024579,"B"
16348.7722552739,53.1739793909899,200.594484887067,"B"
14509.1377907571,50.4469529760416,214.05965622774,"B"
14733.6797912584,50.2204871037968,200.900310499205,"B"
15377.7385585539,49.949254900158,200.951586130522,"A"
16025.7524644045,44.3334199606018,194.27727300444,"A"
15219.7342190546,48.074987108793,199.425518360228,"B"
15842.3274262034,49.2455145585227,203.517232968863,"B"
14985.6157746322,48.5858087016364,200.695686012117,"A"
15248.2356867436,57.0593059396328,194.163887193957,"B"
12476.0768238055,47.9302977171048,200.47411114373,"A"
13474.070713228,43.3367871893754,202.317270020006,"B"
15145.381098461,49.4198302043149,194.624134565476,"A"
18638.2408828479,57.0029460600339,199.45215395628,"B"
12585.9853861675,53.1626208085895,200.596002284238,"B"
17422.5553787368,54.3206515899329,196.424907723889,"C"
17728.7511789035,56.2319210508561,200.6405667627,"C"
16640.7915772417,50.4765878269613,193.21833766819,"A"
16161.8193010533,48.5944771289599,200.779472626772,"B"
16460.647669129,46.9459026689406,201.183245315931,"C"
15095.9799918536,52.3458183139636,200.944336327311,"C"
15403.442867158,53.1344143716527,197.998845106425,"A"
15232.1743925098,52.5311692244365,193.373277652097,"C"
15660.7746510128,49.6557269393534,201.680638351535,"C"
18806.1886704841,55.346626533632,198.601356872686,"C"
15325.7852329094,50.5133214418141,200.494127873761,"A"
14511.8246673052,48.0732526073418,200.983974402398,"B"
15557.0472067809,53.701097628548,193.022534164168,"A"
15589.7436420783,47.0287343128626,200.422628987879,"A"
19133.4382265885,55.2902335446212,199.755481516581,"B"
18793.029484589,54.945876515265,198.108514220376,"A"
14666.0360471464,49.1417320154157,196.715823913404,"B"
17504.1053164068,48.8307384779262,203.268495006177,"B"
13968.0548970141,45.5865719155939,199.071567107083,"A"
15316.878121945,48.2026849503918,200.356213331631,"A"
14516.123507294,51.761937509842,197.591975421336,"B"
16144.0738699138,49.9862683081386,203.257468186965,"B"
15549.0855165115,49.1616176586889,199.658701256789,"C"
14849.0071322615,51.7690027553354,200.216032765273,"B"
15010.6617187028,47.6352735180345,201.822251528704,"A"
14332.7731993163,48.2527065129594,199.405618644723,"A"
17196.3737279292,54.7301356676976,200.869112877885,"B"
12935.9323526196,48.6850738855581,189.585146234786,"A"
14525.0981358287,43.9163632949508,199.978230978741,"B"
15933.5793627107,50.6055379899201,196.497804794159,"B"
18433.7249542077,53.2121273433581,203.016863305529,"C"
17388.5263638974,57.4627530435358,199.716972992657,"B"
16773.2886203922,50.9968505934809,200.050906680676,"B"
11902.3709885861,42.9116996038677,199.371662963829,"B"
16396.1421534593,48.8650658474281,199.996271658219,"B"
15329.0674989191,48.6073670267338,199.843619793556,"A"
15452.4882460076,51.1217861900183,202.219419704464,"B"
14411.4549759859,47.1562674645585,213.324517701005,"B"
16456.4414893566,53.4157556955387,202.05987013084,"B"
16669.8887690291,51.0680052494759,197.067427932261,"A"
17428.352470016,48.6478049521303,203.075341493102,"B"
17478.1647174151,54.1143244544683,202.423575681077,"B"
13747.9142094591,45.8979779201921,203.346479023156,"A"
15926.7965542948,46.7768268188468,197.315067341034,"C"
14535.946194883,45.48246426201,196.350502700175,"A"
15947.6882179337,51.3507282750488,203.577595819103,"B"
16388.8344114149,52.4418137496968,199.601303559688,"A"
14120.3342193149,52.3540009256961,205.153180548219,"A"
13563.1368676076,45.3713069547873,200.448014718691,"B"
16990.7328218349,45.4552028913575,195.65874729327,"B"
14101.7909699503,46.0556434365555,198.593492369637,"C"
14943.2656408229,46.8681007780912,197.650922882761,"C"
13332.6770285435,42.4981735058811,202.344985017253,"B"
17652.3949719797,60.9732914932816,199.872741124398,"A"
14684.4958748009,50.8174661903747,203.804444411609,"B"
16315.7148307051,49.2636180433393,201.606091087143,"A"
16549.3523977613,54.1793453362926,202.826184918069,"B"
15385.2731877495,50.0954409485699,196.529535363798,"B"
18887.0547710234,49.2827893118716,199.417685986115,"C"
12528.804285349,43.5642052967845,196.386487105159,"B"
14194.1664632185,56.1468964494115,200.346826683358,"B"
16751.9993613731,54.2479441597494,203.152249188459,"B"
14191.7486178166,45.3512205252628,194.850930320164,"C"
17268.4077656914,50.8829764723502,200.386506061951,"C"
18504.6244515081,51.8379676841432,197.908344655032,"C"
16023.7797941446,46.462611132393,203.518916422511,"C"
15491.3980535052,48.3716084168016,200.578387672903,"A"
18376.7886503254,49.4958934324569,208.247415036033,"C"
14973.9607979042,45.2497019916884,199.916177140437,"C"
15200.8903584198,43.2635038832447,196.378553456157,"A"
13314.4888319319,48.6290471251084,202.444541702183,"B"
15046.0931710113,49.6743713711246,199.585052629179,"A"
16976.9760466543,55.390503629359,201.159038958377,"A"
17168.702871859,56.4660183701312,200.827625435639,"B"
14504.7095878311,50.2907226664013,196.153639292949,"B"
18235.6802847267,50.2506941782492,198.315327942286,"B"
19357.7365290782,61.2299914335566,201.321282856575,"C"
13747.0378380147,50.9255873113816,200.371695574001,"A"
16555.6129617393,51.0815460869431,200.619745887529,"A"
15718.7817810159,55.6042697116265,198.080874962164,"C"
15020.937539655,50.198633955923,200.908489225665,"A"
16864.6450081887,53.1133254570652,198.068071683579,"A"
13793.5594741751,49.8880197263258,201.172104302649,"B"
12259.3448006407,46.6329230515564,197.280098938018,"A"
12695.1025765536,46.5477593401607,204.139439970875,"C"
13638.8691190701,49.1601089727811,200.901193174478,"C"
11724.6317959029,38.609680864395,198.97788302402,"B"
12791.9222912349,49.6003695875354,205.610051461586,"A"
12495.5131340429,48.6606312388649,199.217903067563,"A"
18593.528188101,55.3479021444939,206.02329318669,"C"
17067.6064805713,52.6003058735095,201.70460570828,"C"
15721.1672819248,51.0928476252095,201.353659309428,"B"
11095.852622362,40.2378485204694,198.949214155356,"B"
14198.2694007347,50.0740609228659,200.256759631011,"C"
12545.5461635097,43.8299200487268,194.068265742214,"B"
12803.4244701092,45.7185309737669,203.064308532528,"C"
17412.4804116249,58.4781700052834,198.956966022543,"A"
17898.6066650811,50.0721200073756,207.511083553221,"A"
14216.7473756856,51.7185826742524,200.66983357949,"C"
18217.9296000954,53.0503915044516,208.889057778652,"A"
15930.8317322909,47.5557880895665,199.080622925612,"A"
15811.3897429702,49.8533561295299,195.978596433225,"A"
18638.0649554428,51.5888791619402,203.926683005441,"B"
18478.9865739374,59.0237111642304,201.169794954628,"B"
13421.4218193231,45.5038091936088,201.643200486976,"B"
18779.2454496108,51.6714108511462,201.778772171987,"C"
14903.9233831284,43.8768521462311,201.48709786781,"C"
13420.960888632,49.6502562824103,196.697530777279,"B"
17408.2722876254,58.0640731865659,197.893998460774,"A"
15971.7034108891,49.0047447169922,207.104672278624,"A"
13034.3920864815,48.1880509668135,200.83863238595,"B"
14121.9756659216,42.9973494266354,202.302469432683,"C"
15654.1863631292,56.8269605739682,195.971927678525,"C"
13390.2558786374,43.9033806500793,202.43537843236,"A"
16294.3527064802,56.6874579666594,201.77145398601,"A"
16626.8622627831,50.7425297794009,200.753776363443,"A"
15475.3520034136,48.3678578444425,202.317678531214,"B"
15236.6567043247,45.6041715931831,200.860917495053,"C"
14308.0587350979,46.9961388200703,200.035185174586,"B"
14743.3849535309,48.9022358970034,203.203020511297,"B"
18242.7794079169,52.5430932531142,202.507343184783,"A"
16563.0087190968,52.8863527036264,197.072295633173,"A"
15626.2440044581,50.7772917489156,196.308715440077,"C"
14118.7047016351,43.3781658812857,198.996411681729,"B"
13073.2168950047,45.039024672852,202.683505124497,"B"
13535.0278166021,54.7221481412472,202.900063820031,"A"
15613.7843343828,51.4615321700253,196.972507486561,"B"
19124.7130586561,54.9784002427782,203.824579960261,"C"
16860.268522067,51.4444177789331,200.302415378949,"C"
14621.979864286,42.5711506363647,203.50112121558,"A"
12904.0439748693,43.6142404869382,199.084734974782,"C"
16462.776190233,53.9158754113827,202.203624636524,"C"
15488.4451338853,48.8857997500434,199.695801434815,"C"
15407.0050326536,50.3147935749474,200.17561174784,"A"
13764.1124008845,43.878374609617,202.35358789535,"C"
14940.1552244511,52.2653298019694,197.999801890473,"C"
12197.7514173047,39.4781135259914,200.601129380552,"A"
14033.2556119191,48.3069681690805,200.736629680097,"B"
15126.1316430273,45.090714834168,200.250660075434,"A"
12565.882712512,50.4573823011398,198.402876978635,"A"
12313.629792104,51.6184314203549,194.235983464697,"B"
15714.9347812195,49.955414526582,202.032864659028,"B"
14034.2520212538,48.3885627501511,198.804951252931,"B"
17536.0281710887,57.4879420438214,200.37042307164,"A"
15833.8269283828,54.5401029406909,200.369443053559,"A"
14699.0243415859,50.8562990995678,200.495691358636,"A"
14008.4129796415,45.3956638048992,199.629018214911,"B"
18881.549881909,51.1669473848732,196.680745911858,"A"
17969.5083607176,55.2268951882648,199.985415685734,"A"
16593.0309846166,46.1245762361354,198.138043902092,"C"
11722.3419446331,40.9114449193267,201.311401470597,"B"
14177.1499595655,45.5213450194252,198.381768356085,"A"
14067.3554256821,52.7732083784662,198.726349527355,"B"
13959.7219216662,41.2449172833224,199.929969518388,"A"
10145.2575329164,44.5473831735108,198.258211023997,"B"
15566.4538317015,49.300582023184,199.651632971827,"B"
16664.1213381445,52.4162246025413,199.624017044114,"C"
15750.4466524061,52.268489082538,206.253367488883,"A"
17261.6405808748,50.1889001925683,200.21640289522,"A"
15574.4352284016,52.7759454068109,195.315830474439,"B"
17652.7299696836,48.0981802934096,198.333380629466,"A"
13148.3213192712,43.7801386528755,201.627241372421,"A"
15757.4711352889,46.3024260941619,200.88302973859,"A"
17324.337882879,56.3624077534988,202.046227584401,"C"
17452.8357796522,51.7823547221641,199.099141788235,"B"
13493.5073689872,45.8770649221999,200.109943291136,"C"
18350.5026272624,59.5250687305793,201.72544851383,"A"
15335.2971316017,47.3871592924408,196.637158213676,"A"
13987.7270988844,50.7046333563658,200.550774134269,"B"
15784.6635159196,41.6424385629328,204.255624933642,"C"
14074.822553873,46.8650267181008,196.45156220725,"B"
14323.6427272231,45.7522079070183,199.615396768516,"B"
14636.0820251584,53.3550888784757,194.775064173332,"B"
16358.5736290278,51.1333645541863,200.144819288967,"C"
16616.4875200003,49.9544600172664,204.246895606778,"A"
15198.3461148104,52.6282115012035,199.154127710921,"C"
14366.5916365146,46.2779856590718,202.409856035085,"C"
17012.3169318975,50.7212756276241,195.171285080413,"C"
11612.8948028416,40.5261010032134,201.192547310005,"B"
15308.9704713564,49.6816341079276,199.822565294348,"A"
20012.8755951745,53.8407047865541,201.35362330695,"B"
18356.3083794543,59.796685600212,203.16072030661,"B"
15585.1711744179,55.5999572695778,193.722752212561,"B"
15112.0658904611,48.9204584228099,199.666766929817,"B"
13896.4615513317,52.8528618375998,204.088689513907,"A"
12838.2599984413,46.9078447654396,200.491744648857,"B"
18267.2520633772,61.3583691023566,201.638584101913,"B"
15057.0921765621,50.5110265435484,211.667724683788,"B"
17813.8621970446,57.5949084373421,199.652591669395,"B"
14380.7109202171,48.8213940151635,200.143847742514,"B"
15851.6971300277,50.9723272778654,202.84239687531,"A"
13825.073127846,43.6376965813278,202.774349846244,"C"
14209.0894617814,43.7376433389751,199.025806051484,"A"
15414.3256314136,52.857620855118,200.128386723338,"B"
12609.7412558711,40.083962392438,192.705935713791,"C"
13466.8404548627,44.529657120439,197.827282457882,"C"
15547.870967431,52.01571121654,199.125383523815,"B"
15063.6852397627,45.023169063214,200.274657484606,"B"
14799.6606380959,53.8926486755947,198.205667342207,"A"
13603.3220602254,50.2561517501246,196.5794473682,"A"
16673.3312982642,51.4967744654172,200.599649111992,"A"
16142.4539014817,52.731347394538,201.0748812571,"A"
16839.9320862635,52.6864203943197,201.540438283457,"B"
12855.4362062485,44.2013357419763,199.426447584696,"C"
13747.1538397411,50.9187946066082,199.26052168956,"B"
13509.5683688523,48.4661981203776,199.346475727469,"C"
14230.747952323,48.933386065126,200.679576069701,"C"
13623.03175821,43.8361292164912,194.78316304781,"B"
19621.0623834375,53.6378907054044,200.015915442755,"C"
18127.7263864395,56.8628270113629,197.560799869108,"B"
16839.9538216271,46.8606262570474,202.654622684254,"B"
14362.4208777703,46.5985607238166,201.110630990593,"A"
15163.983174339,48.0394375554791,204.926243412401,"C"
15850.8242166781,53.9464570759424,198.973587614049,"B"
14225.6286469261,45.0785775107103,206.330541598646,"B"
15696.4693850123,52.5987502976102,198.48041521374,"C"
15255.4471137501,49.9652740669462,201.913535249528,"C"
16109.4000217218,45.6251000407235,204.793065557915,"C"
14091.6282369566,44.4044225082087,201.433299294762,"A"
14456.5848969717,48.40868645103,201.90570181913,"B"
14206.6588925629,48.7801907232843,200.632503391716,"B"
15056.9577785036,49.5032605597739,200.875905354908,"B"
13883.9528317631,49.0457656357784,193.462478470479,"B"
17528.3478014324,57.8611738927092,200.518091872427,"B"
15529.0637263787,45.6993455481808,196.958572168549,"B"
14259.6934495972,45.6595239278805,199.485319695738,"B"
15167.0084489919,47.3584738016007,198.427909350817,"A"
15347.0443308595,51.9550774532934,191.959000833617,"C"
15666.1043557141,47.1927480342832,200.049736920143,"B"
15096.7118991447,45.554624436102,206.345757390791,"C"
14923.120951115,51.2574257474283,198.415374913976,"C"
15908.4500036947,51.9495028156653,200.096345601453,"B"
16748.8366898222,52.3752400170897,201.47925728119,"A"
